9 DE JULIO,Av. Agustin Alvarez 550, 9 De Julio, Buenos Aires
AVELLANEDA (PIENOVI),Francisco Pienovi 104, B1868 Avellaneda, Provincia de Buenos Aires
AZUL (AV MITRE),Av. Mitre 1036, B7300 Azul, Provincia de Buenos Aires
BAHIA BLANCA (CENTRO),San Martín 351, B8000 Bahía Blanca, Provincia de Buenos Aires
BARILOCHE (ELFLEIN),Ada María Elflein 248, R8400 San Carlos de Bariloche, Río Negro
BARRACAS,Vieytes 1230, C1275 Cdad. Autónoma de Buenos Aires
BELGRANO (AV CABILDO),Av. Cabildo 1386, C1429 Cdad. Autónoma de Buenos Aires
BERAZATEGUI (AV MITRE),Av. Mitre 662, B1884 Berazategui, Provincia de Buenos Aires
BURZACO (AV H YRIGOYEN),Acceso A Av. Hipólito Yrigoyen 14343, B1852 Burzaco, Provincia de Buenos Aires
CABALLITO (AV DIAZ VELEZ),Av. Díaz Vélez 4190, C1200 Cdad. Autónoma de Buenos Aires
CALETA OLIVIA (AV MITRE),Av. Bartolomé Mitre 1640, Z9011 Caleta Olivia, Santa Cruz
CAÑADA DE GOMEZ (BV BALCARCE),Blvd. Balcarce 445, S2500 Cañada de Gomez, Santa Fe
CANNING (AV CASTEX),Av. Mariano Castex 177, B1804 Canning, Provincia de Buenos Aires
CASEROS (JUSTO J URQUIZA),Justo José de Urquiza 5141, B1678 Caseros, Provincia de Buenos Aires
CASILDA (BLVD LAGOS),Blvd. Ovidio Lagos 1402, S2170 Casilda, Santa Fe
CATAMARCA (AV GUEMES),Av. Güemes Oeste 1505, K4700 San Fernando del Valle de Catamarca, Catamarca
CATAMARCA (CENTRO),Tucumán 665, K4700 San Fernando del Valle de Catamarca, Catamarca
CERRO DE LAS ROSAS (AV RAFAEL NUÑEZ),Av. Rafael Núñez 4635 Of 2, X5009 Córdoba
CHASCOMUS (AV PRES ALFONSIN),Av. Pres. Alfonsín 1567, B7130 Chascomús, Provincia de Buenos Aires
CHIVILCOY (RUTA 5),RN5 Km. 158, B6620 Chivilcoy, Provincia de Buenos Aires
CHIVILCOY (CENTRO),Av. Mitre 123, B6620 Chivilcoy, Provincia de Buenos Aires
COMODORO RIVADAVIA (CENTRO),Av. Rivadavia 1234, U9000 Comodoro Rivadavia, Chubut
CONCORDIA (CENTRO),Av. Entre Ríos 1234, E3200 Concordia, Entre Ríos
CORDOBA (CENTRO),Av. Colón 1234, X5000 Córdoba, Córdoba
CORDOBA (NUEVA CORDOBA),Av. Humberto Primo 1234, X5000 Córdoba, Córdoba
CORRIENTES (CENTRO),Av. 3 de Abril 1234, W3400 Corrientes, Corrientes
COSQUIN (CENTRO),Av. San Martín 1234, X5160 Cosquín, Córdoba
CURUZU CUATIA (CENTRO),Av. San Martín 1234, W3460 Curuzú Cuatiá, Corrientes
DOCK SUD (AV MITRE),Av. Mitre 1234, B1871 Dock Sud, Provincia de Buenos Aires
EL BOLSON (RUTA 40),Ruta 40 Km 1234, R8431 El Bolsón, Río Negro
ESPERANZA (CENTRO),Av. San Martín 1234, S3080 Esperanza, Santa Fe
ESQUEL (CENTRO),Av. San Martín 1234, U9200 Esquel, Chubut
FLORENCIO VARELA (AV SAN MARTIN),Av. San Martín 1234, B1888 Florencio Varela, Provincia de Buenos Aires
FORMOSA (CENTRO),Av. San Martín 1234, P3600 Formosa, Formosa
GENERAL PICO (CENTRO),Av. San Martín 1234, L6360 General Pico, La Pampa
GENERAL ROCA (CENTRO),Av. San Martín 1234, R8332 General Roca, Río Negro
GENERAL SAN MARTIN (CENTRO),Av. San Martín 1234, B1650 General San Martín, Provincia de Buenos Aires
GODOY CRUZ (CENTRO),Av. San Martín 1234, M5501 Godoy Cruz, Mendoza
GUALEGUAYCHU (CENTRO),Av. San Martín 1234, E2820 Gualeguaychú, Entre Ríos
HURTINGHAM (CENTRO),Av. San Martín 1234, B1686 Hurlingham, Provincia de Buenos Aires
ITUZAINGO (CENTRO),Av. San Martín 1234, B1714 Ituzaingó, Provincia de Buenos Aires
JUNIN (CENTRO),Av. San Martín 1234, B6000 Junín, Provincia de Buenos Aires
LA PLATA (CENTRO),Av. San Martín 1234, B1900 La Plata, Provincia de Buenos Aires
LA RIOJA (CENTRO),Av. San Martín 1234, F5300 La Rioja, La Rioja
LANUS (CENTRO),Av. San Martín 1234, B1824 Lanús, Provincia de Buenos Aires
LOMAS DE ZAMORA (CENTRO),Av. San Martín 1234, B1832 Lomas de Zamora, Provincia de Buenos Aires
LUJAN (HUMBERTO PRIMO),Humberto Primo 1234, B6700 Luján, Provincia de Buenos Aires
MALARGUE (CENTRO),Av. San Martín 1234, M5613 Malargüe, Mendoza
MAR DEL PLATA (CENTRO),Av. San Martín 1234, B7600 Mar del Plata, Provincia de Buenos Aires
MARCOS PAZ (CENTRO),Av. San Martín 1234, B1727 Marcos Paz, Provincia de Buenos Aires
MENDOZA (CENTRO),Av. San Martín 1234, M5500 Mendoza, Mendoza
MERLO (CENTRO),Av. San Martín 1234, B1722 Merlo, Provincia de Buenos Aires
MERCEDES (CENTRO),Av. San Martín 1234, B6600 Mercedes, Provincia de Buenos Aires
MORENO (CENTRO),Av. San Martín 1234, B1744 Moreno, Provincia de Buenos Aires
NEUQUEN (CENTRO),Av. San Martín 1234, Q8300 Neuquén, Neuquén
NECOCHEA (CENTRO),Av. San Martín 1234, B7630 Necochea, Provincia de Buenos Aires
OLAVARRIA (CENTRO),Av. San Martín 1234, B7400 Olavarría, Provincia de Buenos Aires
PARANA (CENTRO),Av. San Martín 1234, E3100 Paraná, Entre Ríos
PASO DE LOS LIBRES (CENTRO),Av. San Martín 1234, W3230 Paso de los Libres, Corrientes
PEHUAJO (CENTRO),Av. San Martín 1234, B6450 Pehuajó, Provincia de Buenos Aires
PIGUE (CENTRO),Av. San Martín 1234, B8170 Pigüé, Provincia de Buenos Aires
PINAMAR (CENTRO),Av. San Martín 1234, B7167 Pinamar, Provincia de Buenos Aires
POSADAS (CENTRO),Av. San Martín 1234, N3300 Posadas, Misiones
PUERTO MADRYN (CENTRO),Av. San Martín 1234, U9120 Puerto Madryn, Chubut
QUILMES (CENTRO),Av. San Martín 1234, B1878 Quilmes, Provincia de Buenos Aires
RAFAELA (CENTRO),Av. San Martín 1234, S2300 Rafaela, Santa Fe
RAWSON (CENTRO),Av. San Martín 1234, U9103 Rawson, Chubut
RECONQUISTA (CENTRO),Av. San Martín 1234, S3560 Reconquista, Santa Fe
RESISTENCIA (CENTRO),Av. San Martín 1234, H3500 Resistencia, Chaco
RIO CUARTO (CENTRO),Av. San Martín 1234, X5800 Río Cuarto, Córdoba
RIO GALLEGOS (CENTRO),Av. San Martín 1234, Z9400 Río Gallegos, Santa Cruz
RIO GRANDE (CENTRO),Av. San Martín 1234, V9420 Río Grande, Tierra del Fuego
ROSARIO (CENTRO),Av. San Martín 1234, S2000 Rosario, Santa Fe
SALTA (CENTRO),Av. San Martín 1234, A4400 Salta, Salta
SAN ANTONIO DE ARECO (CENTRO),Av. San Martín 1234, B2760 San Antonio de Areco, Provincia de Buenos Aires
SAN CARLOS DE BARILOCHE (CENTRO),Av. San Martín 1234, R8400 San Carlos de Bariloche, Río Negro
SAN FERNANDO (CENTRO),Av. San Martín 1234, B1646 San Fernando, Provincia de Buenos Aires
SAN ISIDRO (CENTRO),Av. San Martín 1234, B1642 San Isidro, Provincia de Buenos Aires
SAN JUAN (CENTRO),Av. San Martín 1234, J5400 San Juan, San Juan
SAN JUSTO (CENTRO),Av. San Martín 1234, B1754 San Justo, Provincia de Buenos Aires
SAN LUIS (CENTRO),Av. San Martín 1234, D5700 San Luis, San Luis
SAN MARTIN (CENTRO),Av. San Martín 1234, B1650 San Martín, Provincia de Buenos Aires
SAN NICOLAS (AV SAVIO),Av. Savio 1234, B2900 San Nicolás, Provincia de Buenos Aires
SAN PEDRO (CENTRO),Av. San Martín 1234, B2930 San Pedro, Provincia de Buenos Aires
SAN RAFAEL (CENTRO),Av. San Martín 1234, M5600 San Rafael, Mendoza
SANTA FE (CENTRO),Av. San Martín 1234, S3000 Santa Fe, Santa Fe
SANTA ROSA (CENTRO),Av. San Martín 1234, L6300 Santa Rosa, La Pampa
SANTIAGO DEL ESTERO (CENTRO),Av. San Martín 1234, G4200 Santiago del Estero, Santiago del Estero
TANDIL (CENTRO),Av. San Martín 1234, B7000 Tandil, Provincia de Buenos Aires
TRELEW (CENTRO),Av. San Martín 1234, U9100 Trelew, Chubut
TUCUMAN (CENTRO),Av. San Martín 1234, T4000 Tucumán, Tucumán
TUNUYAN (CENTRO),Av. San Martín 1234, M5560 Tunuyán, Mendoza
USHUAIA (CENTRO),Av. San Martín 1234, V9410 Ushuaia, Tierra del Fuego
VICENTE LOPEZ (CENTRO),Av. San Martín 1234, B1638 Vicente López, Provincia de Buenos Aires
VILLA CARLOS PAZ (CENTRO),Av. San Martín 1234, X5152 Villa Carlos Paz, Córdoba
VILLA CONSTITUCION (CENTRO),Av. San Martín 1234, S2919 Villa Constitución, Santa Fe
VILLA DEVOTO (AV BEIRO),Av. Beiró 1234, C1419 Villa Devoto, Ciudad Autónoma de Buenos Aires
VILLA MARIA (CENTRO),Av. San Martín 1234, X5900 Villa María, Córdoba
VILLA MERCEDES (CENTRO),Av. San Martín 1234, D5730 Villa Mercedes, San Luis
ZARATE (CENTRO),Av. San Martín 1234, B2800 Zárate, Provincia de Buenos Aires
PUNTO ANDREANI HOP AVENIDA VÉLEZ SARSFIELD 1298,Av. Vélez Sársfield 1298, C1406 Ciudad Autónoma de Buenos Aires
PUNTO ANDREANI HOP JUAN AGUSTÍN GARCÍA 1802,Juan Agustín García 1802, C1406 Ciudad Autónoma de Buenos Aires
PUNTO ANDREANI HOP HUGO WAST 1054,Hugo Wast 1054, C1406 Ciudad Autónoma de Buenos Aires
